{
  "subsonic-response": {
    "status": "ok",
    "version": "1.15.0",
    "artists": {
      "ignoredArticles": "The El La Los Las Le Les",
      "index": [
        {
          "name": "A",
          "artist": [
            {
              "id": "362",
              "name": "AC/DC",
              "coverArt": "ar-362",
              "albumCount": 2
            },
            {
              "id": "254",
              "name": "Acceptance",
              "coverArt": "ar-254",
              "albumCount": 1
            }
          ]
        }, {
          "name": "T",
          "artist": [
            {
              "id": "516",
              "name": "Tangerine Dream",
              "coverArt": "ar-516",
              "albumCount": 1
            },
            {
              "id": "242",
              "name": "Taproot",
              "coverArt": "ar-242",
              "albumCount": 2
            }
          ]
        } ]
    }
  }
}