{
  "subsonic-response" : {
    "status" : "ok",
    "version" : "1.15.0",
    "shares" : {
      "share" : [ {
        "id" : "0",
        "url" : "https://subsonic.com/ext/share/awdwo?jwt=eyJhbGciOiJIUzI1NiJ9.eyJwYXRoIjoiL2V4dC9zaGFyZS9hd2R3byIsImV4cCI6MTU0MTYyNjQzMX0.iy8dkt_ZZc8hJ692UxorHdHWFU2RB-fMCmCA4IJ_dTw",
        "username" : "admin",
        "created" : "2017-11-07T21:33:51.748Z",
        "expires" : "2018-11-07T21:33:51.748Z",
        "lastVisited" : "2018-11-07T21:33:51.748Z",
        "description" : "Awesome link!",
        "visitCount" : 0,
        "entry" : [ {
          "id" : "4212",
          "parent" : "4186",
          "isDir" : false,
          "title" : "Heaven Knows",
          "album" : "Going to Hell",
          "artist" : "The Pretty Reckless",
          "track" : 3,
          "year" : 2014,
          "genre" : "Hard Rock",
          "coverArt" : "4186",
          "size" : 9025090,
          "contentType" : "audio/mpeg",
          "suffix" : "mp3",
          "duration" : 225,
          "bitRate" : 320,
          "path" : "The Pretty Reckless/Going to Hell/03 Heaven Knows.mp3",
          "isVideo" : false,
          "playCount" : 2,
          "discNumber" : 1,
          "created" : "2016-10-23T21:30:40.000Z",
          "albumId" : "388",
          "artistId" : "238",
          "type" : "music"
        } ]
      } ]
    }
  }
}
