{
  "subsonic-response" : {
    "status" : "ok",
    "version" : "1.15.0",
    "albumList2" : {
      "album" : [ {
        "id" : "962",
        "name" : "Fury",
        "artist" : "Sick Puppies",
        "artistId" : "473",
        "coverArt" : "al-962",
        "songCount" : 13,
        "duration" : 2591,
        "created" : "2017-09-02T17:34:51.000Z",
        "year" : 2016,
        "genre" : "Alternative Rock"
      }, {
        "id" : "961",
        "name" : "Endless Forms Most Beautiful",
        "artist" : "Nightwish",
        "artistId" : "559",
        "coverArt" : "al-961",
        "songCount" : 22,
        "duration" : 9469,
        "created" : "2017-09-02T16:22:47.000Z",
        "year" : 2015,
        "genre" : "Symphonic Metal"
      } ]
    }
  }
}