{
  "subsonic-response" : {
    "status" : "ok",
    "version" : "1.15.0",
    "artist" : {
      "id" : "362",
      "name" : "AC/DC",
      "coverArt" : "ar-362",
      "albumCount" : 2,
      "album" : [ {
        "id" : "618",
        "name" : "Black Ice",
        "artist" : "AC/DC",
        "artistId" : "362",
        "coverArt" : "al-618",
        "songCount" : 15,
        "duration" : 3331,
        "created" : "2016-10-23T15:31:22.000Z",
        "year" : 2008,
        "genre" : "Hard Rock"
      }, {
        "id" : "617",
        "name" : "Rock or Bust",
        "artist" : "AC/DC",
        "artistId" : "362",
        "coverArt" : "al-617",
        "songCount" : 11,
        "duration" : 2095,
        "created" : "2016-10-23T15:31:23.000Z",
        "year" : 2014,
        "genre" : "Hard Rock"
      } ]
    }
  }
}