{
    "subsonic-response" : {
        "status" : "ok",
        "version" : "1.15.0",
        "directory" : {
           "id" : "4836",
           "parent" : "300",
           "name" : "12 Stones",
           "userRating" : 5,
           "averageRating" : 5.0,
           "playCount" : 1,
           "child" : [ {
              "id" : "4844",
              "parent" : "4836",
              "isDir" : false,
              "title" : "Crash",
              "album" : "12 Stones",
              "artist" : "12 Stones",
              "track" : 1,
              "year" : 2002,
              "genre" : "Alternative Rock",
              "coverArt" : "4836",
              "size" : 5348318,
              "contentType" : "audio/mpeg",
              "suffix" : "mp3",
              "duration" : 222,
              "bitRate" : 192,
              "path" : "12 Stones/12 Stones/01 Crash.mp3",
              "isVideo" : false,
              "playCount" : 0,
              "discNumber" : 1,
              "created" : "2016-10-23T15:19:10.000Z",
              "albumId" : "454",
              "artistId" : "288",
              "type" : "music"
           }, {
              "id" : "4845",
              "parent" : "4836",
              "isDir" : false,
              "title" : "Broken",
              "album" : "12 Stones",
              "artist" : "12 Stones",
              "track" : 2,
              "year" : 2002,
              "genre" : "Alternative Rock",
              "coverArt" : "4836",
              "size" : 4309043,
              "contentType" : "audio/mpeg",
              "suffix" : "mp3",
              "duration" : 179,
              "bitRate" : 192,
              "path" : "12 Stones/12 Stones/02 Broken.mp3",
              "isVideo" : false,
              "playCount" : 0,
              "discNumber" : 1,
              "created" : "2016-10-23T15:19:09.000Z",
              "albumId" : "454",
              "artistId" : "288",
              "type" : "music"
           } ]
        }
     }
}
