{
  "subsonic-response" : {
    "status" : "ok",
    "version" : "1.15.0",
    "albumList" : {
      "album" : [ {
        "id" : "10020",
        "parent" : "490",
        "isDir" : true,
        "title" : "Fury",
        "album" : "Fury",
        "artist" : "Sick Puppies",
        "year" : 2016,
        "genre" : "Alternative Rock",
        "coverArt" : "10020",
        "playCount" : 13,
        "created" : "2017-09-02T17:34:51.000Z"
      }, {
        "id" : "9997",
        "parent" : "9996",
        "isDir" : true,
        "title" : "Endless Forms Most Beautiful",
        "album" : "Endless Forms Most Beautiful",
        "artist" : "Nightwish",
        "year" : 2015,
        "genre" : "Symphonic Metal",
        "coverArt" : "9997",
        "playCount" : 11,
        "created" : "2017-09-02T16:22:49.000Z"
      } ]
    }
  }
}