{
  "subsonic-response" : {
    "status" : "ok",
    "version" : "1.15.0",
    "videos" : {
      "video" : [ {
        "id" : "10402",
        "parent" : "10401",
        "isDir" : false,
        "title" : "MVI_0512",
        "album" : "Incoming",
        "size" : 21889646,
        "contentType" : "video/avi",
        "suffix" : "avi",
        "transcodedContentType" : "video/x-flv",
        "transcodedSuffix" : "flv",
        "path" : "Incoming/MVI_0512.avi",
        "isVideo" : true,
        "playCount" : 0,
        "created" : "2017-11-19T12:34:33.000Z",
        "type" : "video"
      } ]
    }
  }
}