{
  "subsonic-response" : {
    "status" : "ok",
    "version" : "1.15.0",
    "bookmarks" : {
      "bookmark" : [ {
        "position" : 107914,
        "username" : "CaptainEurope",
        "comment" : "Look at this",
        "created" : "2017-11-18T15:22:22.144Z",
        "changed" : "2017-11-18T15:22:22.144Z",
        "entry" : {
          "id" : "10349",
          "parent" : "10342",
          "isDir" : false,
          "title" : "Amerika",
          "album" : "Home of the Strange",
          "artist" : "Young the Giant",
          "track" : 1,
          "year" : 2016,
          "genre" : "Indie Rock",
          "coverArt" : "10342",
          "size" : 9628673,
          "contentType" : "audio/mpeg",
          "suffix" : "mp3",
          "duration" : 240,
          "bitRate" : 320,
          "path" : "Young the Giant/Home of the Strange/01 Amerika.mp3",
          "isVideo" : false,
          "playCount" : 2,
          "discNumber" : 1,
          "created" : "2017-11-01T17:46:52.000Z",
          "albumId" : "984",
          "artistId" : "571",
          "type" : "music"
        }
      } ]
    }
  }
}