{
  "subsonic-response" : {
    "status" : "ok",
    "version" : "1.15.0",
    "user" : {
      "username" : "GodOfUniverse",
      "email" : "some.mail@example.com",
      "scrobblingEnabled" : false,
      "adminRole" : true,
      "settingsRole" : true,
      "downloadRole" : true,
      "uploadRole" : true,
      "playlistRole" : true,
      "coverArtRole" : true,
      "commentRole" : true,
      "podcastRole" : true,
      "streamRole" : true,
      "jukeboxRole" : true,
      "shareRole" : true,
      "videoConversionRole" : false,
      "folder" : [ 0 ]
    }
  }
}