{
  "subsonic-response" : {
    "status" : "ok",
    "version" : "1.15.0",
    "jukeboxPlaylist" : {
      "currentIndex" : 887,
      "playing" : false,
      "gain" : 0.88,
      "position" : 2,
      "entry" : [ {
          "id" : "4209",
          "parent" : "4186",
          "isDir" : false,
          "title" : "Follow Me Down",
          "album" : "Going to Hell",
          "artist" : "The Pretty Reckless",
          "track" : 1,
          "year" : 2014,
          "genre" : "Hard Rock",
          "coverArt" : "4186",
          "size" : 11229681,
          "contentType" : "audio/mpeg",
          "suffix" : "mp3",
          "duration" : 280,
          "bitRate" : 320,
          "path" : "The Pretty Reckless/Going to Hell/01 Follow Me Down.mp3",
          "isVideo" : false,
          "playCount" : 1,
          "discNumber" : 1,
          "created" : "2016-10-23T21:30:43.000Z",
          "albumId" : "388",
          "artistId" : "238",
          "type" : "music"
        }, {
          "id" : "4215",
          "parent" : "4186",
          "isDir" : false,
          "title" : "Going to Hell",
          "album" : "Going to Hell",
          "artist" : "The Pretty Reckless",
          "track" : 2,
          "year" : 2014,
          "genre" : "Hard Rock",
          "coverArt" : "4186",
          "size" : 11089627,
          "contentType" : "audio/mpeg",
          "suffix" : "mp3",
          "duration" : 277,
          "bitRate" : 320,
          "path" : "The Pretty Reckless/Going to Hell/02 Going to Hell.mp3",
          "isVideo" : false,
          "playCount" : 0,
          "discNumber" : 1,
          "created" : "2016-10-23T21:30:41.000Z",
          "albumId" : "388",
          "artistId" : "238",
          "type" : "music"
        } ]
    }
  }
}