{
  "subsonic-response" : {
    "status" : "ok",
    "version" : "1.15.0",
    "searchResult3" : {
      "artist" : [ {
        "id" : "505",
        "name" : "The Prodigy",
        "coverArt" : "ar-505",
        "albumCount" : 5
      } ],
      "album" : [ {
        "id" : "855",
        "name" : "Always Outnumbered, Never Outgunned",
        "artist" : "The Prodigy",
        "artistId" : "505",
        "coverArt" : "al-855",
        "songCount" : 12,
        "duration" : 3313,
        "created" : "2016-10-23T20:57:27.000Z",
        "year" : 2004,
        "genre" : "Electronic"
      } ],
      "song" : [ {
        "id" : "5831",
        "parent" : "5766",
        "isDir" : false,
        "title" : "You'll Be Under My Wheels",
        "album" : "Need for Speed Most Wanted",
        "artist" : "The Prodigy",
        "track" : 17,
        "year" : 2005,
        "genre" : "Rap",
        "coverArt" : "5766",
        "size" : 5607024,
        "contentType" : "audio/mpeg",
        "suffix" : "mp3",
        "duration" : 233,
        "bitRate" : 192,
        "path" : "Compilations/Need for Speed Most Wanted/17 You'll Be Under My Wheels.mp3",
        "isVideo" : false,
        "playCount" : 0,
        "discNumber" : 1,
        "created" : "2016-10-23T20:09:02.000Z",
        "albumId" : "568",
        "artistId" : "505",
        "type" : "music"
      } ]
    }
  }
}